Areaname,STCOU
UNITED STATES,0
ALABAMA,1000
"Autauga, AL",1001
"Baldwin, AL",1003
"Barbour, AL",1005
"Bibb, AL",1007
"Blount, AL",1009
"Bullock, AL",1011
"Butler, AL",1013
"Calhoun, AL",1015
"Chambers, AL",1017
"Cherokee, AL",1019
"Chilton, AL",1021
"Choctaw, AL",1023
"Clarke, AL",1025
"Clay, AL",1027
"Cleburne, AL",1029
"Coffee, AL",1031
"Colbert, AL",1033
"Conecuh, AL",1035
"Coosa, AL",1037
"Covington, AL",1039
"Crenshaw, AL",1041
"Cullman, AL",1043
"Dale, AL",1045
"Dallas, AL",1047
"DeKalb, AL",1049
"Elmore, AL",1051
"Escambia, AL",1053
"Etowah, AL",1055
"Fayette, AL",1057
"Franklin, AL",1059
"Geneva, AL",1061
"Greene, AL",1063
"Hale, AL",1065
"Henry, AL",1067
"Houston, AL",1069
"Jackson, AL",1071
"Jefferson, AL",1073
"Lamar, AL",1075
"Lauderdale, AL",1077
"Lawrence, AL",1079
"Lee, AL",1081
"Limestone, AL",1083
"Lowndes, AL",1085
"Macon, AL",1087
"Madison, AL",1089
"Marengo, AL",1091
"Marion, AL",1093
"Marshall, AL",1095
"Mobile, AL",1097
"Monroe, AL",1099
"Montgomery, AL",1101
"Morgan, AL",1103
"Perry, AL",1105
"Pickens, AL",1107
"Pike, AL",1109
"Randolph, AL",1111
"Russell, AL",1113
"St. Clair, AL",1115
"Shelby, AL",1117
"Sumter, AL",1119
"Talladega, AL",1121
"Tallapoosa, AL",1123
"Tuscaloosa, AL",1125
"Walker, AL",1127
"Washington, AL",1129
"Wilcox, AL",1131
"Winston, AL",1133
ALASKA,2000
"Aleutians East, AK",2013
"Aleutians West, AK",2016
"Anchorage, AK",2020
"Bethel, AK",2050
"Bristol Bay, AK",2060
"Denali, AK",2068
"Dillingham, AK",2070
"Fairbanks North Star, AK",2090
"Haines, AK",2100
"Hoonah-Angoon, AK",2105
"Juneau, AK",2110
"Kenai Peninsula, AK",2122
"Ketchikan Gateway, AK",2130
"Kodiak Island, AK",2150
"Lake and Peninsula, AK",2164
"Matanuska-Susitna, AK",2170
"Nome, AK",2180
"North Slope, AK",2185
"Northwest Arctic, AK",2188
"Petersburg, AK",2195
"Prince of Wales-Hyder, AK",2198
"Sitka, AK",2220
"Skagway, AK",2230
"Southeast Fairbanks, AK",2240
"Valdez-Cordova, AK",2261
"Wade Hampton, AK",2270
"Wrangell, AK",2275
"Yakutat, AK",2282
"Yukon-Koyukuk, AK",2290
ARIZONA,4000
"Apache, AZ",4001
"Cochise, AZ",4003
"Coconino, AZ",4005
"Gila, AZ",4007
"Graham, AZ",4009
"Greenlee, AZ",4011
"La Paz, AZ",4012
"Maricopa, AZ",4013
"Mohave, AZ",4015
"Navajo, AZ",4017
"Pima, AZ",4019
"Pinal, AZ",4021
"Santa Cruz, AZ",4023
"Yavapai, AZ",4025
"Yuma, AZ",4027
ARKANSAS,5000
"Arkansas, AR",5001
"Ashley, AR",5003
"Baxter, AR",5005
"Benton, AR",5007
"Boone, AR",5009
"Bradley, AR",5011
"Calhoun, AR",5013
"Carroll, AR",5015
"Chicot, AR",5017
"Clark, AR",5019
"Clay, AR",5021
"Cleburne, AR",5023
"Cleveland, AR",5025
"Columbia, AR",5027
"Conway, AR",5029
"Craighead, AR",5031
"Crawford, AR",5033
"Crittenden, AR",5035
"Cross, AR",5037
"Dallas, AR",5039
"Desha, AR",5041
"Drew, AR",5043
"Faulkner, AR",5045
"Franklin, AR",5047
"Fulton, AR",5049
"Garland, AR",5051
"Grant, AR",5053
"Greene, AR",5055
"Hempstead, AR",5057
"Hot Spring, AR",5059
"Howard, AR",5061
"Independence, AR",5063
"Izard, AR",5065
"Jackson, AR",5067
"Jefferson, AR",5069
"Johnson, AR",5071
"Lafayette, AR",5073
"Lawrence, AR",5075
"Lee, AR",5077
"Lincoln, AR",5079
"Little River, AR",5081
"Logan, AR",5083
"Lonoke, AR",5085
"Madison, AR",5087
"Marion, AR",5089
"Miller, AR",5091
"Mississippi, AR",5093
"Monroe, AR",5095
"Montgomery, AR",5097
"Nevada, AR",5099
"Newton, AR",5101
"Ouachita, AR",5103
"Perry, AR",5105
"Phillips, AR",5107
"Pike, AR",5109
"Poinsett, AR",5111
"Polk, AR",5113
"Pope, AR",5115
"Prairie, AR",5117
"Pulaski, AR",5119
"Randolph, AR",5121
"St. Francis, AR",5123
"Saline, AR",5125
"Scott, AR",5127
"Searcy, AR",5129
"Sebastian, AR",5131
"Sevier, AR",5133
"Sharp, AR",5135
"Stone, AR",5137
"Union, AR",5139
"Van Buren, AR",5141
"Washington, AR",5143
"White, AR",5145
"Woodruff, AR",5147
"Yell, AR",5149
CALIFORNIA,6000
"Alameda, CA",6001
"Alpine, CA",6003
"Amador, CA",6005
"Butte, CA",6007
"Calaveras, CA",6009
"Colusa, CA",6011
"Contra Costa, CA",6013
"Del Norte, CA",6015
"El Dorado, CA",6017
"Fresno, CA",6019
"Glenn, CA",6021
"Humboldt, CA",6023
"Imperial, CA",6025
"Inyo, CA",6027
"Kern, CA",6029
"Kings, CA",6031
"Lake, CA",6033
"Lassen, CA",6035
"Los Angeles, CA",6037
"Madera, CA",6039
"Marin, CA",6041
"Mariposa, CA",6043
"Mendocino, CA",6045
"Merced, CA",6047
"Modoc, CA",6049
"Mono, CA",6051
"Monterey, CA",6053
"Napa, CA",6055
"Nevada, CA",6057
"Orange, CA",6059
"Placer, CA",6061
"Plumas, CA",6063
"Riverside, CA",6065
"Sacramento, CA",6067
"San Benito, CA",6069
"San Bernardino, CA",6071
"San Diego, CA",6073
"San Francisco, CA",6075
"San Joaquin, CA",6077
"San Luis Obispo, CA",6079
"San Mateo, CA",6081
"Santa Barbara, CA",6083
"Santa Clara, CA",6085
"Santa Cruz, CA",6087
"Shasta, CA",6089
"Sierra, CA",6091
"Siskiyou, CA",6093
"Solano, CA",6095
"Sonoma, CA",6097
"Stanislaus, CA",6099
"Sutter, CA",6101
"Tehama, CA",6103
"Trinity, CA",6105
"Tulare, CA",6107
"Tuolumne, CA",6109
"Ventura, CA",6111
"Yolo, CA",6113
"Yuba, CA",6115
COLORADO,8000
"Adams, CO",8001
"Alamosa, CO",8003
"Arapahoe, CO",8005
"Archuleta, CO",8007
"Baca, CO",8009
"Bent, CO",8011
"Boulder, CO",8013
"Broomfield, CO",8014
"Chaffee, CO",8015
"Cheyenne, CO",8017
"Clear Creek, CO",8019
"Conejos, CO",8021
"Costilla, CO",8023
"Crowley, CO",8025
"Custer, CO",8027
"Delta, CO",8029
"Denver, CO",8031
"Dolores, CO",8033
"Douglas, CO",8035
"Eagle, CO",8037
"Elbert, CO",8039
"El Paso, CO",8041
"Fremont, CO",8043
"Garfield, CO",8045
"Gilpin, CO",8047
"Grand, CO",8049
"Gunnison, CO",8051
"Hinsdale, CO",8053
"Huerfano, CO",8055
"Jackson, CO",8057
"Jefferson, CO",8059
"Kiowa, CO",8061
"Kit Carson, CO",8063
"Lake, CO",8065
"La Plata, CO",8067
"Larimer, CO",8069
"Las Animas, CO",8071
"Lincoln, CO",8073
"Logan, CO",8075
"Mesa, CO",8077
"Mineral, CO",8079
"Moffat, CO",8081
"Montezuma, CO",8083
"Montrose, CO",8085
"Morgan, CO",8087
"Otero, CO",8089
"Ouray, CO",8091
"Park, CO",8093
"Phillips, CO",8095
"Pitkin, CO",8097
"Prowers, CO",8099
"Pueblo, CO",8101
"Rio Blanco, CO",8103
"Rio Grande, CO",8105
"Routt, CO",8107
"Saguache, CO",8109
"San Juan, CO",8111
"San Miguel, CO",8113
"Sedgwick, CO",8115
"Summit, CO",8117
"Teller, CO",8119
"Washington, CO",8121
"Weld, CO",8123
"Yuma, CO",8125
CONNECTICUT,9000
"Fairfield, CT",9001
"Hartford, CT",9003
"Litchfield, CT",9005
"Middlesex, CT",9007
"New Haven, CT",9009
"New London, CT",9011
"Tolland, CT",9013
"Windham, CT",9015
DELAWARE,10000
"Kent, DE",10001
"New Castle, DE",10003
"Sussex, DE",10005
DISTRICT OF COLUMBIA,11000
District of Columbia,11001
FLORIDA,12000
"Alachua, FL",12001
"Baker, FL",12003
"Bay, FL",12005
"Bradford, FL",12007
"Brevard, FL",12009
"Broward, FL",12011
"Calhoun, FL",12013
"Charlotte, FL",12015
"Citrus, FL",12017
"Clay, FL",12019
"Collier, FL",12021
"Columbia, FL",12023
"DeSoto, FL",12027
"Dixie, FL",12029
"Duval, FL",12031
"Escambia, FL",12033
"Flagler, FL",12035
"Franklin, FL",12037
"Gadsden, FL",12039
"Gilchrist, FL",12041
"Glades, FL",12043
"Gulf, FL",12045
"Hamilton, FL",12047
"Hardee, FL",12049
"Hendry, FL",12051
"Hernando, FL",12053
"Highlands, FL",12055
"Hillsborough, FL",12057
"Holmes, FL",12059
"Indian River, FL",12061
"Jackson, FL",12063
"Jefferson, FL",12065
"Lafayette, FL",12067
"Lake, FL",12069
"Lee, FL",12071
"Leon, FL",12073
"Levy, FL",12075
"Liberty, FL",12077
"Madison, FL",12079
"Manatee, FL",12081
"Marion, FL",12083
"Martin, FL",12085
"Miami-Dade, FL",12086
"Monroe, FL",12087
"Nassau, FL",12089
"Okaloosa, FL",12091
"Okeechobee, FL",12093
"Orange, FL",12095
"Osceola, FL",12097
"Palm Beach, FL",12099
"Pasco, FL",12101
"Pinellas, FL",12103
"Polk, FL",12105
"Putnam, FL",12107
"St. Johns, FL",12109
"St. Lucie, FL",12111
"Santa Rosa, FL",12113
"Sarasota, FL",12115
"Seminole, FL",12117
"Sumter, FL",12119
"Suwannee, FL",12121
"Taylor, FL",12123
"Union, FL",12125
"Volusia, FL",12127
"Wakulla, FL",12129
"Walton, FL",12131
"Washington, FL",12133
GEORGIA,13000
"Appling, GA",13001
"Atkinson, GA",13003
"Bacon, GA",13005
"Baker, GA",13007
"Baldwin, GA",13009
"Banks, GA",13011
"Barrow, GA",13013
"Bartow, GA",13015
"Ben Hill, GA",13017
"Berrien, GA",13019
"Bibb, GA",13021
"Bleckley, GA",13023
"Brantley, GA",13025
"Brooks, GA",13027
"Bryan, GA",13029
"Bulloch, GA",13031
"Burke, GA",13033
"Butts, GA",13035
"Calhoun, GA",13037
"Camden, GA",13039
"Candler, GA",13043
"Carroll, GA",13045
"Catoosa, GA",13047
"Charlton, GA",13049
"Chatham, GA",13051
"Chattahoochee, GA",13053
"Chattooga, GA",13055
"Cherokee, GA",13057
"Clarke, GA",13059
"Clay, GA",13061
"Clayton, GA",13063
"Clinch, GA",13065
"Cobb, GA",13067
"Coffee, GA",13069
"Colquitt, GA",13071
"Columbia, GA",13073
"Cook, GA",13075
"Coweta, GA",13077
"Crawford, GA",13079
"Crisp, GA",13081
"Dade, GA",13083
"Dawson, GA",13085
"Decatur, GA",13087
"DeKalb, GA",13089
"Dodge, GA",13091
"Dooly, GA",13093
"Dougherty, GA",13095
"Douglas, GA",13097
"Early, GA",13099
"Echols, GA",13101
"Effingham, GA",13103
"Elbert, GA",13105
"Emanuel, GA",13107
"Evans, GA",13109
"Fannin, GA",13111
"Fayette, GA",13113
"Floyd, GA",13115
"Forsyth, GA",13117
"Franklin, GA",13119
"Fulton, GA",13121
"Gilmer, GA",13123
"Glascock, GA",13125
"Glynn, GA",13127
"Gordon, GA",13129
"Grady, GA",13131
"Greene, GA",13133
"Gwinnett, GA",13135
"Habersham, GA",13137
"Hall, GA",13139
"Hancock, GA",13141
"Haralson, GA",13143
"Harris, GA",13145
"Hart, GA",13147
"Heard, GA",13149
"Henry, GA",13151
"Houston, GA",13153
"Irwin, GA",13155
"Jackson, GA",13157
"Jasper, GA",13159
"Jeff Davis, GA",13161
"Jefferson, GA",13163
"Jenkins, GA",13165
"Johnson, GA",13167
"Jones, GA",13169
"Lamar, GA",13171
"Lanier, GA",13173
"Laurens, GA",13175
"Lee, GA",13177
"Liberty, GA",13179
"Lincoln, GA",13181
"Long, GA",13183
"Lowndes, GA",13185
"Lumpkin, GA",13187
"McDuffie, GA",13189
"McIntosh, GA",13191
"Macon, GA",13193
"Madison, GA",13195
"Marion, GA",13197
"Meriwether, GA",13199
"Miller, GA",13201
"Mitchell, GA",13205
"Monroe, GA",13207
"Montgomery, GA",13209
"Morgan, GA",13211
"Murray, GA",13213
"Muscogee, GA",13215
"Newton, GA",13217
"Oconee, GA",13219
"Oglethorpe, GA",13221
"Paulding, GA",13223
"Peach, GA",13225
"Pickens, GA",13227
"Pierce, GA",13229
"Pike, GA",13231
"Polk, GA",13233
"Pulaski, GA",13235
"Putnam, GA",13237
"Quitman, GA",13239
"Rabun, GA",13241
"Randolph, GA",13243
"Richmond, GA",13245
"Rockdale, GA",13247
"Schley, GA",13249
"Screven, GA",13251
"Seminole, GA",13253
"Spalding, GA",13255
"Stephens, GA",13257
"Stewart, GA",13259
"Sumter, GA",13261
"Talbot, GA",13263
"Taliaferro, GA",13265
"Tattnall, GA",13267
"Taylor, GA",13269
"Telfair, GA",13271
"Terrell, GA",13273
"Thomas, GA",13275
"Tift, GA",13277
"Toombs, GA",13279
"Towns, GA",13281
"Treutlen, GA",13283
"Troup, GA",13285
"Turner, GA",13287
"Twiggs, GA",13289
"Union, GA",13291
"Upson, GA",13293
"Walker, GA",13295
"Walton, GA",13297
"Ware, GA",13299
"Warren, GA",13301
"Washington, GA",13303
"Wayne, GA",13305
"Webster, GA",13307
"Wheeler, GA",13309
"White, GA",13311
"Whitfield, GA",13313
"Wilcox, GA",13315
"Wilkes, GA",13317
"Wilkinson, GA",13319
"Worth, GA",13321
HAWAII,15000
"Hawaii, HI",15001
"Honolulu, HI",15003
"Kalawao, HI",15005
"Kauai, HI",15007
"Maui, HI",15009
IDAHO,16000
"Ada, ID",16001
"Adams, ID",16003
"Bannock, ID",16005
"Bear Lake, ID",16007
"Benewah, ID",16009
"Bingham, ID",16011
"Blaine, ID",16013
"Boise, ID",16015
"Bonner, ID",16017
"Bonneville, ID",16019
"Boundary, ID",16021
"Butte, ID",16023
"Camas, ID",16025
"Canyon, ID",16027
"Caribou, ID",16029
"Cassia, ID",16031
"Clark, ID",16033
"Clearwater, ID",16035
"Custer, ID",16037
"Elmore, ID",16039
"Franklin, ID",16041
"Fremont, ID",16043
"Gem, ID",16045
"Gooding, ID",16047
"Idaho, ID",16049
"Jefferson, ID",16051
"Jerome, ID",16053
"Kootenai, ID",16055
"Latah, ID",16057
"Lemhi, ID",16059
"Lewis, ID",16061
"Lincoln, ID",16063
"Madison, ID",16065
"Minidoka, ID",16067
"Nez Perce, ID",16069
"Oneida, ID",16071
"Owyhee, ID",16073
"Payette, ID",16075
"Power, ID",16077
"Shoshone, ID",16079
"Teton, ID",16081
"Twin Falls, ID",16083
"Valley, ID",16085
"Washington, ID",16087
ILLINOIS,17000
"Adams, IL",17001
"Alexander, IL",17003
"Bond, IL",17005
"Boone, IL",17007
"Brown, IL",17009
"Bureau, IL",17011
"Calhoun, IL",17013
"Carroll, IL",17015
"Cass, IL",17017
"Champaign, IL",17019
"Christian, IL",17021
"Clark, IL",17023
"Clay, IL",17025
"Clinton, IL",17027
"Coles, IL",17029
"Cook, IL",17031
"Crawford, IL",17033
"Cumberland, IL",17035
"DeKalb, IL",17037
"De Witt, IL",17039
"Douglas, IL",17041
"DuPage, IL",17043
"Edgar, IL",17045
"Edwards, IL",17047
"Effingham, IL",17049
"Fayette, IL",17051
"Ford, IL",17053
"Franklin, IL",17055
"Fulton, IL",17057
"Gallatin, IL",17059
"Greene, IL",17061
"Grundy, IL",17063
"Hamilton, IL",17065
"Hancock, IL",17067
"Hardin, IL",17069
"Henderson, IL",17071
"Henry, IL",17073
"Iroquois, IL",17075
"Jackson, IL",17077
"Jasper, IL",17079
"Jefferson, IL",17081
"Jersey, IL",17083
"Jo Daviess, IL",17085
"Johnson, IL",17087
"Kane, IL",17089
"Kankakee, IL",17091
"Kendall, IL",17093
"Knox, IL",17095
"Lake, IL",17097
"LaSalle, IL",17099
"Lawrence, IL",17101
"Lee, IL",17103
"Livingston, IL",17105
"Logan, IL",17107
"McDonough, IL",17109
"McHenry, IL",17111
"McLean, IL",17113
"Macon, IL",17115
"Macoupin, IL",17117
"Madison, IL",17119
"Marion, IL",17121
"Marshall, IL",17123
"Mason, IL",17125
"Massac, IL",17127
"Menard, IL",17129
"Mercer, IL",17131
"Monroe, IL",17133
"Montgomery, IL",17135
"Morgan, IL",17137
"Moultrie, IL",17139
"Ogle, IL",17141
"Peoria, IL",17143
"Perry, IL",17145
"Piatt, IL",17147
"Pike, IL",17149
"Pope, IL",17151
"Pulaski, IL",17153
"Putnam, IL",17155
"Randolph, IL",17157
"Richland, IL",17159
"Rock Island, IL",17161
"St. Clair, IL",17163
"Saline, IL",17165
"Sangamon, IL",17167
"Schuyler, IL",17169
"Scott, IL",17171
"Shelby, IL",17173
"Stark, IL",17175
"Stephenson, IL",17177
"Tazewell, IL",17179
"Union, IL",17181
"Vermilion, IL",17183
"Wabash, IL",17185
"Warren, IL",17187
"Washington, IL",17189
"Wayne, IL",17191
"White, IL",17193
"Whiteside, IL",17195
"Will, IL",17197
"Williamson, IL",17199
"Winnebago, IL",17201
"Woodford, IL",17203
INDIANA,18000
"Adams, IN",18001
"Allen, IN",18003
"Bartholomew, IN",18005
"Benton, IN",18007
"Blackford, IN",18009
"Boone, IN",18011
"Brown, IN",18013
"Carroll, IN",18015
"Cass, IN",18017
"Clark, IN",18019
"Clay, IN",18021
"Clinton, IN",18023
"Crawford, IN",18025
"Daviess, IN",18027
"Dearborn, IN",18029
"Decatur, IN",18031
"DeKalb, IN",18033
"Delaware, IN",18035
"Dubois, IN",18037
"Elkhart, IN",18039
"Fayette, IN",18041
"Floyd, IN",18043
"Fountain, IN",18045
"Franklin, IN",18047
"Fulton, IN",18049
"Gibson, IN",18051
"Grant, IN",18053
"Greene, IN",18055
"Hamilton, IN",18057
"Hancock, IN",18059
"Harrison, IN",18061
"Hendricks, IN",18063
"Henry, IN",18065
"Howard, IN",18067
"Huntington, IN",18069
"Jackson, IN",18071
"Jasper, IN",18073
"Jay, IN",18075
"Jefferson, IN",18077
"Jennings, IN",18079
"Johnson, IN",18081
"Knox, IN",18083
"Kosciusko, IN",18085
"LaGrange, IN",18087
"Lake, IN",18089
"LaPorte, IN",18091
"Lawrence, IN",18093
"Madison, IN",18095
"Marion, IN",18097
"Marshall, IN",18099
"Martin, IN",18101
"Miami, IN",18103
"Monroe, IN",18105
"Montgomery, IN",18107
"Morgan, IN",18109
"Newton, IN",18111
"Noble, IN",18113
"Ohio, IN",18115
"Orange, IN",18117
"Owen, IN",18119
"Parke, IN",18121
"Perry, IN",18123
"Pike, IN",18125
"Porter, IN",18127
"Posey, IN",18129
"Pulaski, IN",18131
"Putnam, IN",18133
"Randolph, IN",18135
"Ripley, IN",18137
"Rush, IN",18139
"St. Joseph, IN",18141
"Scott, IN",18143
"Shelby, IN",18145
"Spencer, IN",18147
"Starke, IN",18149
"Steuben, IN",18151
"Sullivan, IN",18153
"Switzerland, IN",18155
"Tippecanoe, IN",18157
"Tipton, IN",18159
"Union, IN",18161
"Vanderburgh, IN",18163
"Vermillion, IN",18165
"Vigo, IN",18167
"Wabash, IN",18169
"Warren, IN",18171
"Warrick, IN",18173
"Washington, IN",18175
"Wayne, IN",18177
"Wells, IN",18179
"White, IN",18181
"Whitley, IN",18183
IOWA,19000
"Adair, IA",19001
"Adams, IA",19003
"Allamakee, IA",19005
"Appanoose, IA",19007
"Audubon, IA",19009
"Benton, IA",19011
"Black Hawk, IA",19013
"Boone, IA",19015
"Bremer, IA",19017
"Buchanan, IA",19019
"Buena Vista, IA",19021
"Butler, IA",19023
"Calhoun, IA",19025
"Carroll, IA",19027
"Cass, IA",19029
"Cedar, IA",19031
"Cerro Gordo, IA",19033
"Cherokee, IA",19035
"Chickasaw, IA",19037
"Clarke, IA",19039
"Clay, IA",19041
"Clayton, IA",19043
"Clinton, IA",19045
"Crawford, IA",19047
"Dallas, IA",19049
"Davis, IA",19051
"Decatur, IA",19053
"Delaware, IA",19055
"Des Moines, IA",19057
"Dickinson, IA",19059
"Dubuque, IA",19061
"Emmet, IA",19063
"Fayette, IA",19065
"Floyd, IA",19067
"Franklin, IA",19069
"Fremont, IA",19071
"Greene, IA",19073
"Grundy, IA",19075
"Guthrie, IA",19077
"Hamilton, IA",19079
"Hancock, IA",19081
"Hardin, IA",19083
"Harrison, IA",19085
"Henry, IA",19087
"Howard, IA",19089
"Humboldt, IA",19091
"Ida, IA",19093
"Iowa, IA",19095
"Jackson, IA",19097
"Jasper, IA",19099
"Jefferson, IA",19101
"Johnson, IA",19103
"Jones, IA",19105
"Keokuk, IA",19107
"Kossuth, IA",19109
"Lee, IA",19111
"Linn, IA",19113
"Louisa, IA",19115
"Lucas, IA",19117
"Lyon, IA",19119
"Madison, IA",19121
"Mahaska, IA",19123
"Marion, IA",19125
"Marshall, IA",19127
"Mills, IA",19129
"Mitchell, IA",19131
"Monona, IA",19133
"Monroe, IA",19135
"Montgomery, IA",19137
"Muscatine, IA",19139
"O'Brien, IA",19141
"Osceola, IA",19143
"Page, IA",19145
"Palo Alto, IA",19147
"Plymouth, IA",19149
"Pocahontas, IA",19151
"Polk, IA",19153
"Pottawattamie, IA",19155
"Poweshiek, IA",19157
"Ringgold, IA",19159
"Sac, IA",19161
"Scott, IA",19163
"Shelby, IA",19165
"Sioux, IA",19167
"Story, IA",19169
"Tama, IA",19171
"Taylor, IA",19173
"Union, IA",19175
"Van Buren, IA",19177
"Wapello, IA",19179
"Warren, IA",19181
"Washington, IA",19183
"Wayne, IA",19185
"Webster, IA",19187
"Winnebago, IA",19189
"Winneshiek, IA",19191
"Woodbury, IA",19193
"Worth, IA",19195
"Wright, IA",19197
KANSAS,20000
"Allen, KS",20001
"Anderson, KS",20003
"Atchison, KS",20005
"Barber, KS",20007
"Barton, KS",20009
"Bourbon, KS",20011
"Brown, KS",20013
"Butler, KS",20015
"Chase, KS",20017
"Chautauqua, KS",20019
"Cherokee, KS",20021
"Cheyenne, KS",20023
"Clark, KS",20025
"Clay, KS",20027
"Cloud, KS",20029
"Coffey, KS",20031
"Comanche, KS",20033
"Cowley, KS",20035
"Crawford, KS",20037
"Decatur, KS",20039
"Dickinson, KS",20041
"Doniphan, KS",20043
"Douglas, KS",20045
"Edwards, KS",20047
"Elk, KS",20049
"Ellis, KS",20051
"Ellsworth, KS",20053
"Finney, KS",20055
"Ford, KS",20057
"Franklin, KS",20059
"Geary, KS",20061
"Gove, KS",20063
"Graham, KS",20065
"Grant, KS",20067
"Gray, KS",20069
"Greeley, KS",20071
"Greenwood, KS",20073
"Hamilton, KS",20075
"Harper, KS",20077
"Harvey, KS",20079
"Haskell, KS",20081
"Hodgeman, KS",20083
"Jackson, KS",20085
"Jefferson, KS",20087
"Jewell, KS",20089
"Johnson, KS",20091
"Kearny, KS",20093
"Kingman, KS",20095
"Kiowa, KS",20097
"Labette, KS",20099
"Lane, KS",20101
"Leavenworth, KS",20103
"Lincoln, KS",20105
"Linn, KS",20107
"Logan, KS",20109
"Lyon, KS",20111
"McPherson, KS",20113
"Marion, KS",20115
"Marshall, KS",20117
"Meade, KS",20119
"Miami, KS",20121
"Mitchell, KS",20123
"Montgomery, KS",20125
"Morris, KS",20127
"Morton, KS",20129
"Nemaha, KS",20131
"Neosho, KS",20133
"Ness, KS",20135
"Norton, KS",20137
"Osage, KS",20139
"Osborne, KS",20141
"Ottawa, KS",20143
"Pawnee, KS",20145
"Phillips, KS",20147
"Pottawatomie, KS",20149
"Pratt, KS",20151
"Rawlins, KS",20153
"Reno, KS",20155
"Republic, KS",20157
"Rice, KS",20159
"Riley, KS",20161
"Rooks, KS",20163
"Rush, KS",20165
"Russell, KS",20167
"Saline, KS",20169
"Scott, KS",20171
"Sedgwick, KS",20173
"Seward, KS",20175
"Shawnee, KS",20177
"Sheridan, KS",20179
"Sherman, KS",20181
"Smith, KS",20183
"Stafford, KS",20185
"Stanton, KS",20187
"Stevens, KS",20189
"Sumner, KS",20191
"Thomas, KS",20193
"Trego, KS",20195
"Wabaunsee, KS",20197
"Wallace, KS",20199
"Washington, KS",20201
"Wichita, KS",20203
"Wilson, KS",20205
"Woodson, KS",20207
"Wyandotte, KS",20209
KENTUCKY,21000
"Adair, KY",21001
"Allen, KY",21003
"Anderson, KY",21005
"Ballard, KY",21007
"Barren, KY",21009
"Bath, KY",21011
"Bell, KY",21013
"Boone, KY",21015
"Bourbon, KY",21017
"Boyd, KY",21019
"Boyle, KY",21021
"Bracken, KY",21023
"Breathitt, KY",21025
"Breckinridge, KY",21027
"Bullitt, KY",21029
"Butler, KY",21031
"Caldwell, KY",21033
"Calloway, KY",21035
"Campbell, KY",21037
"Carlisle, KY",21039
"Carroll, KY",21041
"Carter, KY",21043
"Casey, KY",21045
"Christian, KY",21047
"Clark, KY",21049
"Clay, KY",21051
"Clinton, KY",21053
"Crittenden, KY",21055
"Cumberland, KY",21057
"Daviess, KY",21059
"Edmonson, KY",21061
"Elliott, KY",21063
"Estill, KY",21065
"Fayette, KY",21067
"Fleming, KY",21069
"Floyd, KY",21071
"Franklin, KY",21073
"Fulton, KY",21075
"Gallatin, KY",21077
"Garrard, KY",21079
"Grant, KY",21081
"Graves, KY",21083
"Grayson, KY",21085
"Green, KY",21087
"Greenup, KY",21089
"Hancock, KY",21091
"Hardin, KY",21093
"Harlan, KY",21095
"Harrison, KY",21097
"Hart, KY",21099
"Henderson, KY",21101
"Henry, KY",21103
"Hickman, KY",21105
"Hopkins, KY",21107
"Jackson, KY",21109
"Jefferson, KY",21111
"Jessamine, KY",21113
"Johnson, KY",21115
"Kenton, KY",21117
"Knott, KY",21119
"Knox, KY",21121
"Larue, KY",21123
"Laurel, KY",21125
"Lawrence, KY",21127
"Lee, KY",21129
"Leslie, KY",21131
"Letcher, KY",21133
"Lewis, KY",21135
"Lincoln, KY",21137
"Livingston, KY",21139
"Logan, KY",21141
"Lyon, KY",21143
"McCracken, KY",21145
"McCreary, KY",21147
"McLean, KY",21149
"Madison, KY",21151
"Magoffin, KY",21153
"Marion, KY",21155
"Marshall, KY",21157
"Martin, KY",21159
"Mason, KY",21161
"Meade, KY",21163
"Menifee, KY",21165
"Mercer, KY",21167
"Metcalfe, KY",21169
"Monroe, KY",21171
"Montgomery, KY",21173
"Morgan, KY",21175
"Muhlenberg, KY",21177
"Nelson, KY",21179
"Nicholas, KY",21181
"Ohio, KY",21183
"Oldham, KY",21185
"Owen, KY",21187
"Owsley, KY",21189
"Pendleton, KY",21191
"Perry, KY",21193
"Pike, KY",21195
"Powell, KY",21197
"Pulaski, KY",21199
"Robertson, KY",21201
"Rockcastle, KY",21203
"Rowan, KY",21205
"Russell, KY",21207
"Scott, KY",21209
"Shelby, KY",21211
"Simpson, KY",21213
"Spencer, KY",21215
"Taylor, KY",21217
"Todd, KY",21219
"Trigg, KY",21221
"Trimble, KY",21223
"Union, KY",21225
"Warren, KY",21227
"Washington, KY",21229
"Wayne, KY",21231
"Webster, KY",21233
"Whitley, KY",21235
"Wolfe, KY",21237
"Woodford, KY",21239
LOUISIANA,22000
"Acadia, LA",22001
"Allen, LA",22003
"Ascension, LA",22005
"Assumption, LA",22007
"Avoyelles, LA",22009
"Beauregard, LA",22011
"Bienville, LA",22013
"Bossier, LA",22015
"Caddo, LA",22017
"Calcasieu, LA",22019
"Caldwell, LA",22021
"Cameron, LA",22023
"Catahoula, LA",22025
"Claiborne, LA",22027
"Concordia, LA",22029
"De Soto, LA",22031
"East Baton Rouge, LA",22033
"East Carroll, LA",22035
"East Feliciana, LA",22037
"Evangeline, LA",22039
"Franklin, LA",22041
"Grant, LA",22043
"Iberia, LA",22045
"Iberville, LA",22047
"Jackson, LA",22049
"Jefferson, LA",22051
"Jefferson Davis, LA",22053
"Lafayette, LA",22055
"Lafourche, LA",22057
"La Salle, LA",22059
"Lincoln, LA",22061
"Livingston, LA",22063
"Madison, LA",22065
"Morehouse, LA",22067
"Natchitoches, LA",22069
"Orleans, LA",22071
"Ouachita, LA",22073
"Plaquemines, LA",22075
"Pointe Coupee, LA",22077
"Rapides, LA",22079
"Red River, LA",22081
"Richland, LA",22083
"Sabine, LA",22085
"St. Bernard, LA",22087
"St. Charles, LA",22089
"St. Helena, LA",22091
"St. James, LA",22093
"St. John the Baptist, LA",22095
"St. Landry, LA",22097
"St. Martin, LA",22099
"St. Mary, LA",22101
"St. Tammany, LA",22103
"Tangipahoa, LA",22105
"Tensas, LA",22107
"Terrebonne, LA",22109
"Union, LA",22111
"Vermilion, LA",22113
"Vernon, LA",22115
"Washington, LA",22117
"Webster, LA",22119
"West Baton Rouge, LA",22121
"West Carroll, LA",22123
"West Feliciana, LA",22125
"Winn, LA",22127
MAINE,23000
"Androscoggin, ME",23001
"Aroostook, ME",23003
"Cumberland, ME",23005
"Franklin, ME",23007
"Hancock, ME",23009
"Kennebec, ME",23011
"Knox, ME",23013
"Lincoln, ME",23015
"Oxford, ME",23017
"Penobscot, ME",23019
"Piscataquis, ME",23021
"Sagadahoc, ME",23023
"Somerset, ME",23025
"Waldo, ME",23027
"Washington, ME",23029
"York, ME",23031
MARYLAND,24000
"Allegany, MD",24001
"Anne Arundel, MD",24003
"Baltimore, MD",24005
"Calvert, MD",24009
"Caroline, MD",24011
"Carroll, MD",24013
"Cecil, MD",24015
"Charles, MD",24017
"Dorchester, MD",24019
"Frederick, MD",24021
"Garrett, MD",24023
"Harford, MD",24025
"Howard, MD",24027
"Kent, MD",24029
"Montgomery, MD",24031
"Prince George's, MD",24033
"Queen Anne's, MD",24035
"St. Mary's, MD",24037
"Somerset, MD",24039
"Talbot, MD",24041
"Washington, MD",24043
"Wicomico, MD",24045
"Worcester, MD",24047
"Baltimore city, MD",24510
MASSACHUSETTS,25000
"Barnstable, MA",25001
"Berkshire, MA",25003
"Bristol, MA",25005
"Dukes, MA",25007
"Essex, MA",25009
"Franklin, MA",25011
"Hampden, MA",25013
"Hampshire, MA",25015
"Middlesex, MA",25017
"Nantucket, MA",25019
"Norfolk, MA",25021
"Plymouth, MA",25023
"Suffolk, MA",25025
"Worcester, MA",25027
MICHIGAN,26000
"Alcona, MI",26001
"Alger, MI",26003
"Allegan, MI",26005
"Alpena, MI",26007
"Antrim, MI",26009
"Arenac, MI",26011
"Baraga, MI",26013
"Barry, MI",26015
"Bay, MI",26017
"Benzie, MI",26019
"Berrien, MI",26021
"Branch, MI",26023
"Calhoun, MI",26025
"Cass, MI",26027
"Charlevoix, MI",26029
"Cheboygan, MI",26031
"Chippewa, MI",26033
"Clare, MI",26035
"Clinton, MI",26037
"Crawford, MI",26039
"Delta, MI",26041
"Dickinson, MI",26043
"Eaton, MI",26045
"Emmet, MI",26047
"Genesee, MI",26049
"Gladwin, MI",26051
"Gogebic, MI",26053
"Grand Traverse, MI",26055
"Gratiot, MI",26057
"Hillsdale, MI",26059
"Houghton, MI",26061
"Huron, MI",26063
"Ingham, MI",26065
"Ionia, MI",26067
"Iosco, MI",26069
"Iron, MI",26071
"Isabella, MI",26073
"Jackson, MI",26075
"Kalamazoo, MI",26077
"Kalkaska, MI",26079
"Kent, MI",26081
"Keweenaw, MI",26083
"Lake, MI",26085
"Lapeer, MI",26087
"Leelanau, MI",26089
"Lenawee, MI",26091
"Livingston, MI",26093
"Luce, MI",26095
"Mackinac, MI",26097
"Macomb, MI",26099
"Manistee, MI",26101
"Marquette, MI",26103
"Mason, MI",26105
"Mecosta, MI",26107
"Menominee, MI",26109
"Midland, MI",26111
"Missaukee, MI",26113
"Monroe, MI",26115
"Montcalm, MI",26117
"Montmorency, MI",26119
"Muskegon, MI",26121
"Newaygo, MI",26123
"Oakland, MI",26125
"Oceana, MI",26127
"Ogemaw, MI",26129
"Ontonagon, MI",26131
"Osceola, MI",26133
"Oscoda, MI",26135
"Otsego, MI",26137
"Ottawa, MI",26139
"Presque Isle, MI",26141
"Roscommon, MI",26143
"Saginaw, MI",26145
"St. Clair, MI",26147
"St. Joseph, MI",26149
"Sanilac, MI",26151
"Schoolcraft, MI",26153
"Shiawassee, MI",26155
"Tuscola, MI",26157
"Van Buren, MI",26159
"Washtenaw, MI",26161
"Wayne, MI",26163
"Wexford, MI",26165
MINNESOTA,27000
"Aitkin, MN",27001
"Anoka, MN",27003
"Becker, MN",27005
"Beltrami, MN",27007
"Benton, MN",27009
"Big Stone, MN",27011
"Blue Earth, MN",27013
"Brown, MN",27015
"Carlton, MN",27017
"Carver, MN",27019
"Cass, MN",27021
"Chippewa, MN",27023
"Chisago, MN",27025
"Clay, MN",27027
"Clearwater, MN",27029
"Cook, MN",27031
"Cottonwood, MN",27033
"Crow Wing, MN",27035
"Dakota, MN",27037
"Dodge, MN",27039
"Douglas, MN",27041
"Faribault, MN",27043
"Fillmore, MN",27045
"Freeborn, MN",27047
"Goodhue, MN",27049
"Grant, MN",27051
"Hennepin, MN",27053
"Houston, MN",27055
"Hubbard, MN",27057
"Isanti, MN",27059
"Itasca, MN",27061
"Jackson, MN",27063
"Kanabec, MN",27065
"Kandiyohi, MN",27067
"Kittson, MN",27069
"Koochiching, MN",27071
"Lac qui Parle, MN",27073
"Lake, MN",27075
"Lake of the Woods, MN",27077
"Le Sueur, MN",27079
"Lincoln, MN",27081
"Lyon, MN",27083
"McLeod, MN",27085
"Mahnomen, MN",27087
"Marshall, MN",27089
"Martin, MN",27091
"Meeker, MN",27093
"Mille Lacs, MN",27095
"Morrison, MN",27097
"Mower, MN",27099
"Murray, MN",27101
"Nicollet, MN",27103
"Nobles, MN",27105
"Norman, MN",27107
"Olmsted, MN",27109
"Otter Tail, MN",27111
"Pennington, MN",27113
"Pine, MN",27115
"Pipestone, MN",27117
"Polk, MN",27119
"Pope, MN",27121
"Ramsey, MN",27123
"Red Lake, MN",27125
"Redwood, MN",27127
"Renville, MN",27129
"Rice, MN",27131
"Rock, MN",27133
"Roseau, MN",27135
"St. Louis, MN",27137
"Scott, MN",27139
"Sherburne, MN",27141
"Sibley, MN",27143
"Stearns, MN",27145
"Steele, MN",27147
"Stevens, MN",27149
"Swift, MN",27151
"Todd, MN",27153
"Traverse, MN",27155
"Wabasha, MN",27157
"Wadena, MN",27159
"Waseca, MN",27161
"Washington, MN",27163
"Watonwan, MN",27165
"Wilkin, MN",27167
"Winona, MN",27169
"Wright, MN",27171
"Yellow Medicine, MN",27173
MISSISSIPPI,28000
"Adams, MS",28001
"Alcorn, MS",28003
"Amite, MS",28005
"Attala, MS",28007
"Benton, MS",28009
"Bolivar, MS",28011
"Calhoun, MS",28013
"Carroll, MS",28015
"Chickasaw, MS",28017
"Choctaw, MS",28019
"Claiborne, MS",28021
"Clarke, MS",28023
"Clay, MS",28025
"Coahoma, MS",28027
"Copiah, MS",28029
"Covington, MS",28031
"DeSoto, MS",28033
"Forrest, MS",28035
"Franklin, MS",28037
"George, MS",28039
"Greene, MS",28041
"Grenada, MS",28043
"Hancock, MS",28045
"Harrison, MS",28047
"Hinds, MS",28049
"Holmes, MS",28051
"Humphreys, MS",28053
"Issaquena, MS",28055
"Itawamba, MS",28057
"Jackson, MS",28059
"Jasper, MS",28061
"Jefferson, MS",28063
"Jefferson Davis, MS",28065
"Jones, MS",28067
"Kemper, MS",28069
"Lafayette, MS",28071
"Lamar, MS",28073
"Lauderdale, MS",28075
"Lawrence, MS",28077
"Leake, MS",28079
"Lee, MS",28081
"Leflore, MS",28083
"Lincoln, MS",28085
"Lowndes, MS",28087
"Madison, MS",28089
"Marion, MS",28091
"Marshall, MS",28093
"Monroe, MS",28095
"Montgomery, MS",28097
"Neshoba, MS",28099
"Newton, MS",28101
"Noxubee, MS",28103
"Oktibbeha, MS",28105
"Panola, MS",28107
"Pearl River, MS",28109
"Perry, MS",28111
"Pike, MS",28113
"Pontotoc, MS",28115
"Prentiss, MS",28117
"Quitman, MS",28119
"Rankin, MS",28121
"Scott, MS",28123
"Sharkey, MS",28125
"Simpson, MS",28127
"Smith, MS",28129
"Stone, MS",28131
"Sunflower, MS",28133
"Tallahatchie, MS",28135
"Tate, MS",28137
"Tippah, MS",28139
"Tishomingo, MS",28141
"Tunica, MS",28143
"Union, MS",28145
"Walthall, MS",28147
"Warren, MS",28149
"Washington, MS",28151
"Wayne, MS",28153
"Webster, MS",28155
"Wilkinson, MS",28157
"Winston, MS",28159
"Yalobusha, MS",28161
"Yazoo, MS",28163
MISSOURI,29000
"Adair, MO",29001
"Andrew, MO",29003
"Atchison, MO",29005
"Audrain, MO",29007
"Barry, MO",29009
"Barton, MO",29011
"Bates, MO",29013
"Benton, MO",29015
"Bollinger, MO",29017
"Boone, MO",29019
"Buchanan, MO",29021
"Butler, MO",29023
"Caldwell, MO",29025
"Callaway, MO",29027
"Camden, MO",29029
"Cape Girardeau, MO",29031
"Carroll, MO",29033
"Carter, MO",29035
"Cass, MO",29037
"Cedar, MO",29039
"Chariton, MO",29041
"Christian, MO",29043
"Clark, MO",29045
"Clay, MO",29047
"Clinton, MO",29049
"Cole, MO",29051
"Cooper, MO",29053
"Crawford, MO",29055
"Dade, MO",29057
"Dallas, MO",29059
"Daviess, MO",29061
"DeKalb, MO",29063
"Dent, MO",29065
"Douglas, MO",29067
"Dunklin, MO",29069
"Franklin, MO",29071
"Gasconade, MO",29073
"Gentry, MO",29075
"Greene, MO",29077
"Grundy, MO",29079
"Harrison, MO",29081
"Henry, MO",29083
"Hickory, MO",29085
"Holt, MO",29087
"Howard, MO",29089
"Howell, MO",29091
"Iron, MO",29093
"Jackson, MO",29095
"Jasper, MO",29097
"Jefferson, MO",29099
"Johnson, MO",29101
"Knox, MO",29103
"Laclede, MO",29105
"Lafayette, MO",29107
"Lawrence, MO",29109
"Lewis, MO",29111
"Lincoln, MO",29113
"Linn, MO",29115
"Livingston, MO",29117
"McDonald, MO",29119
"Macon, MO",29121
"Madison, MO",29123
"Maries, MO",29125
"Marion, MO",29127
"Mercer, MO",29129
"Miller, MO",29131
"Mississippi, MO",29133
"Moniteau, MO",29135
"Monroe, MO",29137
"Montgomery, MO",29139
"Morgan, MO",29141
"New Madrid, MO",29143
"Newton, MO",29145
"Nodaway, MO",29147
"Oregon, MO",29149
"Osage, MO",29151
"Ozark, MO",29153
"Pemiscot, MO",29155
"Perry, MO",29157
"Pettis, MO",29159
"Phelps, MO",29161
"Pike, MO",29163
"Platte, MO",29165
"Polk, MO",29167
"Pulaski, MO",29169
"Putnam, MO",29171
"Ralls, MO",29173
"Randolph, MO",29175
"Ray, MO",29177
"Reynolds, MO",29179
"Ripley, MO",29181
"St. Charles, MO",29183
"St. Clair, MO",29185
"Ste. Genevieve, MO",29186
"St. Francois, MO",29187
"St. Louis, MO",29189
"Saline, MO",29195
"Schuyler, MO",29197
"Scotland, MO",29199
"Scott, MO",29201
"Shannon, MO",29203
"Shelby, MO",29205
"Stoddard, MO",29207
"Stone, MO",29209
"Sullivan, MO",29211
"Taney, MO",29213
"Texas, MO",29215
"Vernon, MO",29217
"Warren, MO",29219
"Washington, MO",29221
"Wayne, MO",29223
"Webster, MO",29225
"Worth, MO",29227
"Wright, MO",29229
"St. Louis city, MO",29510
MONTANA,30000
"Beaverhead, MT",30001
"Big Horn, MT",30003
"Blaine, MT",30005
"Broadwater, MT",30007
"Carbon, MT",30009
"Carter, MT",30011
"Cascade, MT",30013
"Chouteau, MT",30015
"Custer, MT",30017
"Daniels, MT",30019
"Dawson, MT",30021
"Deer Lodge, MT",30023
"Fallon, MT",30025
"Fergus, MT",30027
"Flathead, MT",30029
"Gallatin, MT",30031
"Garfield, MT",30033
"Glacier, MT",30035
"Golden Valley, MT",30037
"Granite, MT",30039
"Hill, MT",30041
"Jefferson, MT",30043
"Judith Basin, MT",30045
"Lake, MT",30047
"Lewis and Clark, MT",30049
"Liberty, MT",30051
"Lincoln, MT",30053
"McCone, MT",30055
"Madison, MT",30057
"Meagher, MT",30059
"Mineral, MT",30061
"Missoula, MT",30063
"Musselshell, MT",30065
"Park, MT",30067
"Petroleum, MT",30069
"Phillips, MT",30071
"Pondera, MT",30073
"Powder River, MT",30075
"Powell, MT",30077
"Prairie, MT",30079
"Ravalli, MT",30081
"Richland, MT",30083
"Roosevelt, MT",30085
"Rosebud, MT",30087
"Sanders, MT",30089
"Sheridan, MT",30091
"Silver Bow, MT",30093
"Stillwater, MT",30095
"Sweet Grass, MT",30097
"Teton, MT",30099
"Toole, MT",30101
"Treasure, MT",30103
"Valley, MT",30105
"Wheatland, MT",30107
"Wibaux, MT",30109
"Yellowstone, MT",30111
"Yellowstone National Park, MT",30113
NEBRASKA,31000
"Adams, NE",31001
"Antelope, NE",31003
"Arthur, NE",31005
"Banner, NE",31007
"Blaine, NE",31009
"Boone, NE",31011
"Box Butte, NE",31013
"Boyd, NE",31015
"Brown, NE",31017
"Buffalo, NE",31019
"Burt, NE",31021
"Butler, NE",31023
"Cass, NE",31025
"Cedar, NE",31027
"Chase, NE",31029
"Cherry, NE",31031
"Cheyenne, NE",31033
"Clay, NE",31035
"Colfax, NE",31037
"Cuming, NE",31039
"Custer, NE",31041
"Dakota, NE",31043
"Dawes, NE",31045
"Dawson, NE",31047
"Deuel, NE",31049
"Dixon, NE",31051
"Dodge, NE",31053
"Douglas, NE",31055
"Dundy, NE",31057
"Fillmore, NE",31059
"Franklin, NE",31061
"Frontier, NE",31063
"Furnas, NE",31065
"Gage, NE",31067
"Garden, NE",31069
"Garfield, NE",31071
"Gosper, NE",31073
"Grant, NE",31075
"Greeley, NE",31077
"Hall, NE",31079
"Hamilton, NE",31081
"Harlan, NE",31083
"Hayes, NE",31085
"Hitchcock, NE",31087
"Holt, NE",31089
"Hooker, NE",31091
"Howard, NE",31093
"Jefferson, NE",31095
"Johnson, NE",31097
"Kearney, NE",31099
"Keith, NE",31101
"Keya Paha, NE",31103
"Kimball, NE",31105
"Knox, NE",31107
"Lancaster, NE",31109
"Lincoln, NE",31111
"Logan, NE",31113
"Loup, NE",31115
"McPherson, NE",31117
"Madison, NE",31119
"Merrick, NE",31121
"Morrill, NE",31123
"Nance, NE",31125
"Nemaha, NE",31127
"Nuckolls, NE",31129
"Otoe, NE",31131
"Pawnee, NE",31133
"Perkins, NE",31135
"Phelps, NE",31137
"Pierce, NE",31139
"Platte, NE",31141
"Polk, NE",31143
"Red Willow, NE",31145
"Richardson, NE",31147
"Rock, NE",31149
"Saline, NE",31151
"Sarpy, NE",31153
"Saunders, NE",31155
"Scotts Bluff, NE",31157
"Seward, NE",31159
"Sheridan, NE",31161
"Sherman, NE",31163
"Sioux, NE",31165
"Stanton, NE",31167
"Thayer, NE",31169
"Thomas, NE",31171
"Thurston, NE",31173
"Valley, NE",31175
"Washington, NE",31177
"Wayne, NE",31179
"Webster, NE",31181
"Wheeler, NE",31183
"York, NE",31185
NEVADA,32000
"Churchill, NV",32001
"Clark, NV",32003
"Douglas, NV",32005
"Elko, NV",32007
"Esmeralda, NV",32009
"Eureka, NV",32011
"Humboldt, NV",32013
"Lander, NV",32015
"Lincoln, NV",32017
"Lyon, NV",32019
"Mineral, NV",32021
"Nye, NV",32023
"Pershing, NV",32027
"Storey, NV",32029
"Washoe, NV",32031
"White Pine, NV",32033
"Carson City city, NV",32510
NEW HAMPSHIRE,33000
"Belknap, NH",33001
"Carroll, NH",33003
"Cheshire, NH",33005
"Coos, NH",33007
"Grafton, NH",33009
"Hillsborough, NH",33011
"Merrimack, NH",33013
"Rockingham, NH",33015
"Strafford, NH",33017
"Sullivan, NH",33019
NEW JERSEY,34000
"Atlantic, NJ",34001
"Bergen, NJ",34003
"Burlington, NJ",34005
"Camden, NJ",34007
"Cape May, NJ",34009
"Cumberland, NJ",34011
"Essex, NJ",34013
"Gloucester, NJ",34015
"Hudson, NJ",34017
"Hunterdon, NJ",34019
"Mercer, NJ",34021
"Middlesex, NJ",34023
"Monmouth, NJ",34025
"Morris, NJ",34027
"Ocean, NJ",34029
"Passaic, NJ",34031
"Salem, NJ",34033
"Somerset, NJ",34035
"Sussex, NJ",34037
"Union, NJ",34039
"Warren, NJ",34041
NEW MEXICO,35000
"Bernalillo, NM",35001
"Catron, NM",35003
"Chaves, NM",35005
"Cibola, NM",35006
"Colfax, NM",35007
"Curry, NM",35009
"De Baca, NM",35011
"Dona Ana, NM",35013
"Eddy, NM",35015
"Grant, NM",35017
"Guadalupe, NM",35019
"Harding, NM",35021
"Hidalgo, NM",35023
"Lea, NM",35025
"Lincoln, NM",35027
"Los Alamos, NM",35028
"Luna, NM",35029
"McKinley, NM",35031
"Mora, NM",35033
"Otero, NM",35035
"Quay, NM",35037
"Rio Arriba, NM",35039
"Roosevelt, NM",35041
"Sandoval, NM",35043
"San Juan, NM",35045
"San Miguel, NM",35047
"Santa Fe, NM",35049
"Sierra, NM",35051
"Socorro, NM",35053
"Taos, NM",35055
"Torrance, NM",35057
"Union, NM",35059
"Valencia, NM",35061
NEW YORK,36000
"Albany, NY",36001
"Allegany, NY",36003
"Bronx, NY",36005
"Broome, NY",36007
"Cattaraugus, NY",36009
"Cayuga, NY",36011
"Chautauqua, NY",36013
"Chemung, NY",36015
"Chenango, NY",36017
"Clinton, NY",36019
"Columbia, NY",36021
"Cortland, NY",36023
"Delaware, NY",36025
"Dutchess, NY",36027
"Erie, NY",36029
"Essex, NY",36031
"Franklin, NY",36033
"Fulton, NY",36035
"Genesee, NY",36037
"Greene, NY",36039
"Hamilton, NY",36041
"Herkimer, NY",36043
"Jefferson, NY",36045
"Kings, NY",36047
"Lewis, NY",36049
"Livingston, NY",36051
"Madison, NY",36053
"Monroe, NY",36055
"Montgomery, NY",36057
"Nassau, NY",36059
"New York, NY",36061
"Niagara, NY",36063
"Oneida, NY",36065
"Onondaga, NY",36067
"Ontario, NY",36069
"Orange, NY",36071
"Orleans, NY",36073
"Oswego, NY",36075
"Otsego, NY",36077
"Putnam, NY",36079
"Queens, NY",36081
"Rensselaer, NY",36083
"Richmond, NY",36085
"Rockland, NY",36087
"St. Lawrence, NY",36089
"Saratoga, NY",36091
"Schenectady, NY",36093
"Schoharie, NY",36095
"Schuyler, NY",36097
"Seneca, NY",36099
"Steuben, NY",36101
"Suffolk, NY",36103
"Sullivan, NY",36105
"Tioga, NY",36107
"Tompkins, NY",36109
"Ulster, NY",36111
"Warren, NY",36113
"Washington, NY",36115
"Wayne, NY",36117
"Westchester, NY",36119
"Wyoming, NY",36121
"Yates, NY",36123
NORTH CAROLINA,37000
"Alamance, NC",37001
"Alexander, NC",37003
"Alleghany, NC",37005
"Anson, NC",37007
"Ashe, NC",37009
"Avery, NC",37011
"Beaufort, NC",37013
"Bertie, NC",37015
"Bladen, NC",37017
"Brunswick, NC",37019
"Buncombe, NC",37021
"Burke, NC",37023
"Cabarrus, NC",37025
"Caldwell, NC",37027
"Camden, NC",37029
"Carteret, NC",37031
"Caswell, NC",37033
"Catawba, NC",37035
"Chatham, NC",37037
"Cherokee, NC",37039
"Chowan, NC",37041
"Clay, NC",37043
"Cleveland, NC",37045
"Columbus, NC",37047
"Craven, NC",37049
"Cumberland, NC",37051
"Currituck, NC",37053
"Dare, NC",37055
"Davidson, NC",37057
"Davie, NC",37059
"Duplin, NC",37061
"Durham, NC",37063
"Edgecombe, NC",37065
"Forsyth, NC",37067
"Franklin, NC",37069
"Gaston, NC",37071
"Gates, NC",37073
"Graham, NC",37075
"Granville, NC",37077
"Greene, NC",37079
"Guilford, NC",37081
"Halifax, NC",37083
"Harnett, NC",37085
"Haywood, NC",37087
"Henderson, NC",37089
"Hertford, NC",37091
"Hoke, NC",37093
"Hyde, NC",37095
"Iredell, NC",37097
"Jackson, NC",37099
"Johnston, NC",37101
"Jones, NC",37103
"Lee, NC",37105
"Lenoir, NC",37107
"Lincoln, NC",37109
"McDowell, NC",37111
"Macon, NC",37113
"Madison, NC",37115
"Martin, NC",37117
"Mecklenburg, NC",37119
"Mitchell, NC",37121
"Montgomery, NC",37123
"Moore, NC",37125
"Nash, NC",37127
"New Hanover, NC",37129
"Northampton, NC",37131
"Onslow, NC",37133
"Orange, NC",37135
"Pamlico, NC",37137
"Pasquotank, NC",37139
"Pender, NC",37141
"Perquimans, NC",37143
"Person, NC",37145
"Pitt, NC",37147
"Polk, NC",37149
"Randolph, NC",37151
"Richmond, NC",37153
"Robeson, NC",37155
"Rockingham, NC",37157
"Rowan, NC",37159
"Rutherford, NC",37161
"Sampson, NC",37163
"Scotland, NC",37165
"Stanly, NC",37167
"Stokes, NC",37169
"Surry, NC",37171
"Swain, NC",37173
"Transylvania, NC",37175
"Tyrrell, NC",37177
"Union, NC",37179
"Vance, NC",37181
"Wake, NC",37183
"Warren, NC",37185
"Washington, NC",37187
"Watauga, NC",37189
"Wayne, NC",37191
"Wilkes, NC",37193
"Wilson, NC",37195
"Yadkin, NC",37197
"Yancey, NC",37199
NORTH DAKOTA,38000
"Adams, ND",38001
"Barnes, ND",38003
"Benson, ND",38005
"Billings, ND",38007
"Bottineau, ND",38009
"Bowman, ND",38011
"Burke, ND",38013
"Burleigh, ND",38015
"Cass, ND",38017
"Cavalier, ND",38019
"Dickey, ND",38021
"Divide, ND",38023
"Dunn, ND",38025
"Eddy, ND",38027
"Emmons, ND",38029
"Foster, ND",38031
"Golden Valley, ND",38033
"Grand Forks, ND",38035
"Grant, ND",38037
"Griggs, ND",38039
"Hettinger, ND",38041
"Kidder, ND",38043
"LaMoure, ND",38045
"Logan, ND",38047
"McHenry, ND",38049
"McIntosh, ND",38051
"McKenzie, ND",38053
"McLean, ND",38055
"Mercer, ND",38057
"Morton, ND",38059
"Mountrail, ND",38061
"Nelson, ND",38063
"Oliver, ND",38065
"Pembina, ND",38067
"Pierce, ND",38069
"Ramsey, ND",38071
"Ransom, ND",38073
"Renville, ND",38075
"Richland, ND",38077
"Rolette, ND",38079
"Sargent, ND",38081
"Sheridan, ND",38083
"Sioux, ND",38085
"Slope, ND",38087
"Stark, ND",38089
"Steele, ND",38091
"Stutsman, ND",38093
"Towner, ND",38095
"Traill, ND",38097
"Walsh, ND",38099
"Ward, ND",38101
"Wells, ND",38103
"Williams, ND",38105
OHIO,39000
"Adams, OH",39001
"Allen, OH",39003
"Ashland, OH",39005
"Ashtabula, OH",39007
"Athens, OH",39009
"Auglaize, OH",39011
"Belmont, OH",39013
"Brown, OH",39015
"Butler, OH",39017
"Carroll, OH",39019
"Champaign, OH",39021
"Clark, OH",39023
"Clermont, OH",39025
"Clinton, OH",39027
"Columbiana, OH",39029
"Coshocton, OH",39031
"Crawford, OH",39033
"Cuyahoga, OH",39035
"Darke, OH",39037
"Defiance, OH",39039
"Delaware, OH",39041
"Erie, OH",39043
"Fairfield, OH",39045
"Fayette, OH",39047
"Franklin, OH",39049
"Fulton, OH",39051
"Gallia, OH",39053
"Geauga, OH",39055
"Greene, OH",39057
"Guernsey, OH",39059
"Hamilton, OH",39061
"Hancock, OH",39063
"Hardin, OH",39065
"Harrison, OH",39067
"Henry, OH",39069
"Highland, OH",39071
"Hocking, OH",39073
"Holmes, OH",39075
"Huron, OH",39077
"Jackson, OH",39079
"Jefferson, OH",39081
"Knox, OH",39083
"Lake, OH",39085
"Lawrence, OH",39087
"Licking, OH",39089
"Logan, OH",39091
"Lorain, OH",39093
"Lucas, OH",39095
"Madison, OH",39097
"Mahoning, OH",39099
"Marion, OH",39101
"Medina, OH",39103
"Meigs, OH",39105
"Mercer, OH",39107
"Miami, OH",39109
"Monroe, OH",39111
"Montgomery, OH",39113
"Morgan, OH",39115
"Morrow, OH",39117
"Muskingum, OH",39119
"Noble, OH",39121
"Ottawa, OH",39123
"Paulding, OH",39125
"Perry, OH",39127
"Pickaway, OH",39129
"Pike, OH",39131
"Portage, OH",39133
"Preble, OH",39135
"Putnam, OH",39137
"Richland, OH",39139
"Ross, OH",39141
"Sandusky, OH",39143
"Scioto, OH",39145
"Seneca, OH",39147
"Shelby, OH",39149
"Stark, OH",39151
"Summit, OH",39153
"Trumbull, OH",39155
"Tuscarawas, OH",39157
"Union, OH",39159
"Van Wert, OH",39161
"Vinton, OH",39163
"Warren, OH",39165
"Washington, OH",39167
"Wayne, OH",39169
"Williams, OH",39171
"Wood, OH",39173
"Wyandot, OH",39175
OKLAHOMA,40000
"Adair, OK",40001
"Alfalfa, OK",40003
"Atoka, OK",40005
"Beaver, OK",40007
"Beckham, OK",40009
"Blaine, OK",40011
"Bryan, OK",40013
"Caddo, OK",40015
"Canadian, OK",40017
"Carter, OK",40019
"Cherokee, OK",40021
"Choctaw, OK",40023
"Cimarron, OK",40025
"Cleveland, OK",40027
"Coal, OK",40029
"Comanche, OK",40031
"Cotton, OK",40033
"Craig, OK",40035
"Creek, OK",40037
"Custer, OK",40039
"Delaware, OK",40041
"Dewey, OK",40043
"Ellis, OK",40045
"Garfield, OK",40047
"Garvin, OK",40049
"Grady, OK",40051
"Grant, OK",40053
"Greer, OK",40055
"Harmon, OK",40057
"Harper, OK",40059
"Haskell, OK",40061
"Hughes, OK",40063
"Jackson, OK",40065
"Jefferson, OK",40067
"Johnston, OK",40069
"Kay, OK",40071
"Kingfisher, OK",40073
"Kiowa, OK",40075
"Latimer, OK",40077
"Le Flore, OK",40079
"Lincoln, OK",40081
"Logan, OK",40083
"Love, OK",40085
"McClain, OK",40087
"McCurtain, OK",40089
"McIntosh, OK",40091
"Major, OK",40093
"Marshall, OK",40095
"Mayes, OK",40097
"Murray, OK",40099
"Muskogee, OK",40101
"Noble, OK",40103
"Nowata, OK",40105
"Okfuskee, OK",40107
"Oklahoma, OK",40109
"Okmulgee, OK",40111
"Osage, OK",40113
"Ottawa, OK",40115
"Pawnee, OK",40117
"Payne, OK",40119
"Pittsburg, OK",40121
"Pontotoc, OK",40123
"Pottawatomie, OK",40125
"Pushmataha, OK",40127
"Roger Mills, OK",40129
"Rogers, OK",40131
"Seminole, OK",40133
"Sequoyah, OK",40135
"Stephens, OK",40137
"Texas, OK",40139
"Tillman, OK",40141
"Tulsa, OK",40143
"Wagoner, OK",40145
"Washington, OK",40147
"Washita, OK",40149
"Woods, OK",40151
"Woodward, OK",40153
OREGON,41000
"Baker, OR",41001
"Benton, OR",41003
"Clackamas, OR",41005
"Clatsop, OR",41007
"Columbia, OR",41009
"Coos, OR",41011
"Crook, OR",41013
"Curry, OR",41015
"Deschutes, OR",41017
"Douglas, OR",41019
"Gilliam, OR",41021
"Grant, OR",41023
"Harney, OR",41025
"Hood River, OR",41027
"Jackson, OR",41029
"Jefferson, OR",41031
"Josephine, OR",41033
"Klamath, OR",41035
"Lake, OR",41037
"Lane, OR",41039
"Lincoln, OR",41041
"Linn, OR",41043
"Malheur, OR",41045
"Marion, OR",41047
"Morrow, OR",41049
"Multnomah, OR",41051
"Polk, OR",41053
"Sherman, OR",41055
"Tillamook, OR",41057
"Umatilla, OR",41059
"Union, OR",41061
"Wallowa, OR",41063
"Wasco, OR",41065
"Washington, OR",41067
"Wheeler, OR",41069
"Yamhill, OR",41071
PENNSYLVANIA,42000
"Adams, PA",42001
"Allegheny, PA",42003
"Armstrong, PA",42005
"Beaver, PA",42007
"Bedford, PA",42009
"Berks, PA",42011
"Blair, PA",42013
"Bradford, PA",42015
"Bucks, PA",42017
"Butler, PA",42019
"Cambria, PA",42021
"Cameron, PA",42023
"Carbon, PA",42025
"Centre, PA",42027
"Chester, PA",42029
"Clarion, PA",42031
"Clearfield, PA",42033
"Clinton, PA",42035
"Columbia, PA",42037
"Crawford, PA",42039
"Cumberland, PA",42041
"Dauphin, PA",42043
"Delaware, PA",42045
"Elk, PA",42047
"Erie, PA",42049
"Fayette, PA",42051
"Forest, PA",42053
"Franklin, PA",42055
"Fulton, PA",42057
"Greene, PA",42059
"Huntingdon, PA",42061
"Indiana, PA",42063
"Jefferson, PA",42065
"Juniata, PA",42067
"Lackawanna, PA",42069
"Lancaster, PA",42071
"Lawrence, PA",42073
"Lebanon, PA",42075
"Lehigh, PA",42077
"Luzerne, PA",42079
"Lycoming, PA",42081
"McKean, PA",42083
"Mercer, PA",42085
"Mifflin, PA",42087
"Monroe, PA",42089
"Montgomery, PA",42091
"Montour, PA",42093
"Northampton, PA",42095
"Northumberland, PA",42097
"Perry, PA",42099
"Philadelphia, PA",42101
"Pike, PA",42103
"Potter, PA",42105
"Schuylkill, PA",42107
"Snyder, PA",42109
"Somerset, PA",42111
"Sullivan, PA",42113
"Susquehanna, PA",42115
"Tioga, PA",42117
"Union, PA",42119
"Venango, PA",42121
"Warren, PA",42123
"Washington, PA",42125
"Wayne, PA",42127
"Westmoreland, PA",42129
"Wyoming, PA",42131
"York, PA",42133
RHODE ISLAND,44000
"Bristol, RI",44001
"Kent, RI",44003
"Newport, RI",44005
"Providence, RI",44007
"Washington, RI",44009
SOUTH CAROLINA,45000
"Abbeville, SC",45001
"Aiken, SC",45003
"Allendale, SC",45005
"Anderson, SC",45007
"Bamberg, SC",45009
"Barnwell, SC",45011
"Beaufort, SC",45013
"Berkeley, SC",45015
"Calhoun, SC",45017
"Charleston, SC",45019
"Cherokee, SC",45021
"Chester, SC",45023
"Chesterfield, SC",45025
"Clarendon, SC",45027
"Colleton, SC",45029
"Darlington, SC",45031
"Dillon, SC",45033
"Dorchester, SC",45035
"Edgefield, SC",45037
"Fairfield, SC",45039
"Florence, SC",45041
"Georgetown, SC",45043
"Greenville, SC",45045
"Greenwood, SC",45047
"Hampton, SC",45049
"Horry, SC",45051
"Jasper, SC",45053
"Kershaw, SC",45055
"Lancaster, SC",45057
"Laurens, SC",45059
"Lee, SC",45061
"Lexington, SC",45063
"McCormick, SC",45065
"Marion, SC",45067
"Marlboro, SC",45069
"Newberry, SC",45071
"Oconee, SC",45073
"Orangeburg, SC",45075
"Pickens, SC",45077
"Richland, SC",45079
"Saluda, SC",45081
"Spartanburg, SC",45083
"Sumter, SC",45085
"Union, SC",45087
"Williamsburg, SC",45089
"York, SC",45091
SOUTH DAKOTA,46000
"Aurora, SD",46003
"Beadle, SD",46005
"Bennett, SD",46007
"Bon Homme, SD",46009
"Brookings, SD",46011
"Brown, SD",46013
"Brule, SD",46015
"Buffalo, SD",46017
"Butte, SD",46019
"Campbell, SD",46021
"Charles Mix, SD",46023
"Clark, SD",46025
"Clay, SD",46027
"Codington, SD",46029
"Corson, SD",46031
"Custer, SD",46033
"Davison, SD",46035
"Day, SD",46037
"Deuel, SD",46039
"Dewey, SD",46041
"Douglas, SD",46043
"Edmunds, SD",46045
"Fall River, SD",46047
"Faulk, SD",46049
"Grant, SD",46051
"Gregory, SD",46053
"Haakon, SD",46055
"Hamlin, SD",46057
"Hand, SD",46059
"Hanson, SD",46061
"Harding, SD",46063
"Hughes, SD",46065
"Hutchinson, SD",46067
"Hyde, SD",46069
"Jackson, SD",46071
"Jerauld, SD",46073
"Jones, SD",46075
"Kingsbury, SD",46077
"Lake, SD",46079
"Lawrence, SD",46081
"Lincoln, SD",46083
"Lyman, SD",46085
"McCook, SD",46087
"McPherson, SD",46089
"Marshall, SD",46091
"Meade, SD",46093
"Mellette, SD",46095
"Miner, SD",46097
"Minnehaha, SD",46099
"Moody, SD",46101
"Pennington, SD",46103
"Perkins, SD",46105
"Potter, SD",46107
"Roberts, SD",46109
"Sanborn, SD",46111
"Shannon, SD",46113
"Spink, SD",46115
"Stanley, SD",46117
"Sully, SD",46119
"Todd, SD",46121
"Tripp, SD",46123
"Turner, SD",46125
"Union, SD",46127
"Walworth, SD",46129
"Yankton, SD",46135
"Ziebach, SD",46137
TENNESSEE,47000
"Anderson, TN",47001
"Bedford, TN",47003
"Benton, TN",47005
"Bledsoe, TN",47007
"Blount, TN",47009
"Bradley, TN",47011
"Campbell, TN",47013
"Cannon, TN",47015
"Carroll, TN",47017
"Carter, TN",47019
"Cheatham, TN",47021
"Chester, TN",47023
"Claiborne, TN",47025
"Clay, TN",47027
"Cocke, TN",47029
"Coffee, TN",47031
"Crockett, TN",47033
"Cumberland, TN",47035
"Davidson, TN",47037
"Decatur, TN",47039
"DeKalb, TN",47041
"Dickson, TN",47043
"Dyer, TN",47045
"Fayette, TN",47047
"Fentress, TN",47049
"Franklin, TN",47051
"Gibson, TN",47053
"Giles, TN",47055
"Grainger, TN",47057
"Greene, TN",47059
"Grundy, TN",47061
"Hamblen, TN",47063
"Hamilton, TN",47065
"Hancock, TN",47067
"Hardeman, TN",47069
"Hardin, TN",47071
"Hawkins, TN",47073
"Haywood, TN",47075
"Henderson, TN",47077
"Henry, TN",47079
"Hickman, TN",47081
"Houston, TN",47083
"Humphreys, TN",47085
"Jackson, TN",47087
"Jefferson, TN",47089
"Johnson, TN",47091
"Knox, TN",47093
"Lake, TN",47095
"Lauderdale, TN",47097
"Lawrence, TN",47099
"Lewis, TN",47101
"Lincoln, TN",47103
"Loudon, TN",47105
"McMinn, TN",47107
"McNairy, TN",47109
"Macon, TN",47111
"Madison, TN",47113
"Marion, TN",47115
"Marshall, TN",47117
"Maury, TN",47119
"Meigs, TN",47121
"Monroe, TN",47123
"Montgomery, TN",47125
"Moore, TN",47127
"Morgan, TN",47129
"Obion, TN",47131
"Overton, TN",47133
"Perry, TN",47135
"Pickett, TN",47137
"Polk, TN",47139
"Putnam, TN",47141
"Rhea, TN",47143
"Roane, TN",47145
"Robertson, TN",47147
"Rutherford, TN",47149
"Scott, TN",47151
"Sequatchie, TN",47153
"Sevier, TN",47155
"Shelby, TN",47157
"Smith, TN",47159
"Stewart, TN",47161
"Sullivan, TN",47163
"Sumner, TN",47165
"Tipton, TN",47167
"Trousdale, TN",47169
"Unicoi, TN",47171
"Union, TN",47173
"Van Buren, TN",47175
"Warren, TN",47177
"Washington, TN",47179
"Wayne, TN",47181
"Weakley, TN",47183
"White, TN",47185
"Williamson, TN",47187
"Wilson, TN",47189
TEXAS,48000
"Anderson, TX",48001
"Andrews, TX",48003
"Angelina, TX",48005
"Aransas, TX",48007
"Archer, TX",48009
"Armstrong, TX",48011
"Atascosa, TX",48013
"Austin, TX",48015
"Bailey, TX",48017
"Bandera, TX",48019
"Bastrop, TX",48021
"Baylor, TX",48023
"Bee, TX",48025
"Bell, TX",48027
"Bexar, TX",48029
"Blanco, TX",48031
"Borden, TX",48033
"Bosque, TX",48035
"Bowie, TX",48037
"Brazoria, TX",48039
"Brazos, TX",48041
"Brewster, TX",48043
"Briscoe, TX",48045
"Brooks, TX",48047
"Brown, TX",48049
"Burleson, TX",48051
"Burnet, TX",48053
"Caldwell, TX",48055
"Calhoun, TX",48057
"Callahan, TX",48059
"Cameron, TX",48061
"Camp, TX",48063
"Carson, TX",48065
"Cass, TX",48067
"Castro, TX",48069
"Chambers, TX",48071
"Cherokee, TX",48073
"Childress, TX",48075
"Clay, TX",48077
"Cochran, TX",48079
"Coke, TX",48081
"Coleman, TX",48083
"Collin, TX",48085
"Collingsworth, TX",48087
"Colorado, TX",48089
"Comal, TX",48091
"Comanche, TX",48093
"Concho, TX",48095
"Cooke, TX",48097
"Coryell, TX",48099
"Cottle, TX",48101
"Crane, TX",48103
"Crockett, TX",48105
"Crosby, TX",48107
"Culberson, TX",48109
"Dallam, TX",48111
"Dallas, TX",48113
"Dawson, TX",48115
"Deaf Smith, TX",48117
"Delta, TX",48119
"Denton, TX",48121
"DeWitt, TX",48123
"Dickens, TX",48125
"Dimmit, TX",48127
"Donley, TX",48129
"Duval, TX",48131
"Eastland, TX",48133
"Ector, TX",48135
"Edwards, TX",48137
"Ellis, TX",48139
"El Paso, TX",48141
"Erath, TX",48143
"Falls, TX",48145
"Fannin, TX",48147
"Fayette, TX",48149
"Fisher, TX",48151
"Floyd, TX",48153
"Foard, TX",48155
"Fort Bend, TX",48157
"Franklin, TX",48159
"Freestone, TX",48161
"Frio, TX",48163
"Gaines, TX",48165
"Galveston, TX",48167
"Garza, TX",48169
"Gillespie, TX",48171
"Glasscock, TX",48173
"Goliad, TX",48175
"Gonzales, TX",48177
"Gray, TX",48179
"Grayson, TX",48181
"Gregg, TX",48183
"Grimes, TX",48185
"Guadalupe, TX",48187
"Hale, TX",48189
"Hall, TX",48191
"Hamilton, TX",48193
"Hansford, TX",48195
"Hardeman, TX",48197
"Hardin, TX",48199
"Harris, TX",48201
"Harrison, TX",48203
"Hartley, TX",48205
"Haskell, TX",48207
"Hays, TX",48209
"Hemphill, TX",48211
"Henderson, TX",48213
"Hidalgo, TX",48215
"Hill, TX",48217
"Hockley, TX",48219
"Hood, TX",48221
"Hopkins, TX",48223
"Houston, TX",48225
"Howard, TX",48227
"Hudspeth, TX",48229
"Hunt, TX",48231
"Hutchinson, TX",48233
"Irion, TX",48235
"Jack, TX",48237
"Jackson, TX",48239
"Jasper, TX",48241
"Jeff Davis, TX",48243
"Jefferson, TX",48245
"Jim Hogg, TX",48247
"Jim Wells, TX",48249
"Johnson, TX",48251
"Jones, TX",48253
"Karnes, TX",48255
"Kaufman, TX",48257
"Kendall, TX",48259
"Kenedy, TX",48261
"Kent, TX",48263
"Kerr, TX",48265
"Kimble, TX",48267
"King, TX",48269
"Kinney, TX",48271
"Kleberg, TX",48273
"Knox, TX",48275
"Lamar, TX",48277
"Lamb, TX",48279
"Lampasas, TX",48281
"La Salle, TX",48283
"Lavaca, TX",48285
"Lee, TX",48287
"Leon, TX",48289
"Liberty, TX",48291
"Limestone, TX",48293
"Lipscomb, TX",48295
"Live Oak, TX",48297
"Llano, TX",48299
"Loving, TX",48301
"Lubbock, TX",48303
"Lynn, TX",48305
"McCulloch, TX",48307
"McLennan, TX",48309
"McMullen, TX",48311
"Madison, TX",48313
"Marion, TX",48315
"Martin, TX",48317
"Mason, TX",48319
"Matagorda, TX",48321
"Maverick, TX",48323
"Medina, TX",48325
"Menard, TX",48327
"Midland, TX",48329
"Milam, TX",48331
"Mills, TX",48333
"Mitchell, TX",48335
"Montague, TX",48337
"Montgomery, TX",48339
"Moore, TX",48341
"Morris, TX",48343
"Motley, TX",48345
"Nacogdoches, TX",48347
"Navarro, TX",48349
"Newton, TX",48351
"Nolan, TX",48353
"Nueces, TX",48355
"Ochiltree, TX",48357
"Oldham, TX",48359
"Orange, TX",48361
"Palo Pinto, TX",48363
"Panola, TX",48365
"Parker, TX",48367
"Parmer, TX",48369
"Pecos, TX",48371
"Polk, TX",48373
"Potter, TX",48375
"Presidio, TX",48377
"Rains, TX",48379
"Randall, TX",48381
"Reagan, TX",48383
"Real, TX",48385
"Red River, TX",48387
"Reeves, TX",48389
"Refugio, TX",48391
"Roberts, TX",48393
"Robertson, TX",48395
"Rockwall, TX",48397
"Runnels, TX",48399
"Rusk, TX",48401
"Sabine, TX",48403
"San Augustine, TX",48405
"San Jacinto, TX",48407
"San Patricio, TX",48409
"San Saba, TX",48411
"Schleicher, TX",48413
"Scurry, TX",48415
"Shackelford, TX",48417
"Shelby, TX",48419
"Sherman, TX",48421
"Smith, TX",48423
"Somervell, TX",48425
"Starr, TX",48427
"Stephens, TX",48429
"Sterling, TX",48431
"Stonewall, TX",48433
"Sutton, TX",48435
"Swisher, TX",48437
"Tarrant, TX",48439
"Taylor, TX",48441
"Terrell, TX",48443
"Terry, TX",48445
"Throckmorton, TX",48447
"Titus, TX",48449
"Tom Green, TX",48451
"Travis, TX",48453
"Trinity, TX",48455
"Tyler, TX",48457
"Upshur, TX",48459
"Upton, TX",48461
"Uvalde, TX",48463
"Val Verde, TX",48465
"Van Zandt, TX",48467
"Victoria, TX",48469
"Walker, TX",48471
"Waller, TX",48473
"Ward, TX",48475
"Washington, TX",48477
"Webb, TX",48479
"Wharton, TX",48481
"Wheeler, TX",48483
"Wichita, TX",48485
"Wilbarger, TX",48487
"Willacy, TX",48489
"Williamson, TX",48491
"Wilson, TX",48493
"Winkler, TX",48495
"Wise, TX",48497
"Wood, TX",48499
"Yoakum, TX",48501
"Young, TX",48503
"Zapata, TX",48505
"Zavala, TX",48507
UTAH,49000
"Beaver, UT",49001
"Box Elder, UT",49003
"Cache, UT",49005
"Carbon, UT",49007
"Daggett, UT",49009
"Davis, UT",49011
"Duchesne, UT",49013
"Emery, UT",49015
"Garfield, UT",49017
"Grand, UT",49019
"Iron, UT",49021
"Juab, UT",49023
"Kane, UT",49025
"Millard, UT",49027
"Morgan, UT",49029
"Piute, UT",49031
"Rich, UT",49033
"Salt Lake, UT",49035
"San Juan, UT",49037
"Sanpete, UT",49039
"Sevier, UT",49041
"Summit, UT",49043
"Tooele, UT",49045
"Uintah, UT",49047
"Utah, UT",49049
"Wasatch, UT",49051
"Washington, UT",49053
"Wayne, UT",49055
"Weber, UT",49057
VERMONT,50000
"Addison, VT",50001
"Bennington, VT",50003
"Caledonia, VT",50005
"Chittenden, VT",50007
"Essex, VT",50009
"Franklin, VT",50011
"Grand Isle, VT",50013
"Lamoille, VT",50015
"Orange, VT",50017
"Orleans, VT",50019
"Rutland, VT",50021
"Washington, VT",50023
"Windham, VT",50025
"Windsor, VT",50027
VIRGINIA,51000
"Accomack, VA",51001
"Albemarle, VA",51003
"Alleghany, VA",51005
"Amelia, VA",51007
"Amherst, VA",51009
"Appomattox, VA",51011
"Arlington, VA",51013
"Augusta, VA",51015
"Bath, VA",51017
"Bedford, VA",51019
"Bland, VA",51021
"Botetourt, VA",51023
"Brunswick, VA",51025
"Buchanan, VA",51027
"Buckingham, VA",51029
"Campbell, VA",51031
"Caroline, VA",51033
"Carroll, VA",51035
"Charles City, VA",51036
"Charlotte, VA",51037
"Chesterfield, VA",51041
"Clarke, VA",51043
"Craig, VA",51045
"Culpeper, VA",51047
"Cumberland, VA",51049
"Dickenson, VA",51051
"Dinwiddie, VA",51053
"Essex, VA",51057
"Fairfax, VA",51059
"Fauquier, VA",51061
"Floyd, VA",51063
"Fluvanna, VA",51065
"Franklin, VA",51067
"Frederick, VA",51069
"Giles, VA",51071
"Gloucester, VA",51073
"Goochland, VA",51075
"Grayson, VA",51077
"Greene, VA",51079
"Greensville, VA",51081
"Halifax, VA",51083
"Hanover, VA",51085
"Henrico, VA",51087
"Henry, VA",51089
"Highland, VA",51091
"Isle of Wight, VA",51093
"James City, VA",51095
"King and Queen, VA",51097
"King George, VA",51099
"King William, VA",51101
"Lancaster, VA",51103
"Lee, VA",51105
"Loudoun, VA",51107
"Louisa, VA",51109
"Lunenburg, VA",51111
"Madison, VA",51113
"Mathews, VA",51115
"Mecklenburg, VA",51117
"Middlesex, VA",51119
"Montgomery, VA",51121
"Nelson, VA",51125
"New Kent, VA",51127
"Northampton, VA",51131
"Northumberland, VA",51133
"Nottoway, VA",51135
"Orange, VA",51137
"Page, VA",51139
"Patrick, VA",51141
"Pittsylvania, VA",51143
"Powhatan, VA",51145
"Prince Edward, VA",51147
"Prince George, VA",51149
"Prince William, VA",51153
"Pulaski, VA",51155
"Rappahannock, VA",51157
"Richmond, VA",51159
"Roanoke, VA",51161
"Rockbridge, VA",51163
"Rockingham, VA",51165
"Russell, VA",51167
"Scott, VA",51169
"Shenandoah, VA",51171
"Smyth, VA",51173
"Southampton, VA",51175
"Spotsylvania, VA",51177
"Stafford, VA",51179
"Surry, VA",51181
"Sussex, VA",51183
"Tazewell, VA",51185
"Warren, VA",51187
"Washington, VA",51191
"Westmoreland, VA",51193
"Wise, VA",51195
"Wythe, VA",51197
"York, VA",51199
"Alexandria, VA",51510
"Bedford, VA",51515
"Bristol, VA",51520
"Buena Vista, VA",51530
"Charlottesville, VA",51540
"Chesapeake, VA",51550
"Clifton Forge, VA",51560
"Colonial Heights, VA",51570
"Covington, VA",51580
"Danville, VA",51590
"Emporia, VA",51595
"Fairfax, VA",51600
"Falls Church, VA",51610
"Franklin, VA",51620
"Fredericksburg, VA",51630
"Galax, VA",51640
"Hampton, VA",51650
"Harrisonburg, VA",51660
"Hopewell, VA",51670
"Lexington, VA",51678
"Lynchburg, VA",51680
"Manassas, VA",51683
"Manassas Park, VA",51685
"Martinsville, VA",51690
"Newport News, VA",51700
"Norfolk, VA",51710
"Norton, VA",51720
"Petersburg, VA",51730
"Poquoson, VA",51735
"Portsmouth, VA",51740
"Radford, VA",51750
"Richmond, VA",51760
"Roanoke, VA",51770
"Salem, VA",51775
"South Boston, VA",51780
"Staunton, VA",51790
"Suffolk, VA",51800
"Virginia Beach, VA",51810
"Waynesboro, VA",51820
"Williamsburg, VA",51830
"Winchester, VA",51840
WASHINGTON,53000
"Adams, WA",53001
"Asotin, WA",53003
"Benton, WA",53005
"Chelan, WA",53007
"Clallam, WA",53009
"Clark, WA",53011
"Columbia, WA",53013
"Cowlitz, WA",53015
"Douglas, WA",53017
"Ferry, WA",53019
"Franklin, WA",53021
"Garfield, WA",53023
"Grant, WA",53025
"Grays Harbor, WA",53027
"Island, WA",53029
"Jefferson, WA",53031
"King, WA",53033
"Kitsap, WA",53035
"Kittitas, WA",53037
"Klickitat, WA",53039
"Lewis, WA",53041
"Lincoln, WA",53043
"Mason, WA",53045
"Okanogan, WA",53047
"Pacific, WA",53049
"Pend Oreille, WA",53051
"Pierce, WA",53053
"San Juan, WA",53055
"Skagit, WA",53057
"Skamania, WA",53059
"Snohomish, WA",53061
"Spokane, WA",53063
"Stevens, WA",53065
"Thurston, WA",53067
"Wahkiakum, WA",53069
"Walla Walla, WA",53071
"Whatcom, WA",53073
"Whitman, WA",53075
"Yakima, WA",53077
WEST VIRGINIA,54000
"Barbour, WV",54001
"Berkeley, WV",54003
"Boone, WV",54005
"Braxton, WV",54007
"Brooke, WV",54009
"Cabell, WV",54011
"Calhoun, WV",54013
"Clay, WV",54015
"Doddridge, WV",54017
"Fayette, WV",54019
"Gilmer, WV",54021
"Grant, WV",54023
"Greenbrier, WV",54025
"Hampshire, WV",54027
"Hancock, WV",54029
"Hardy, WV",54031
"Harrison, WV",54033
"Jackson, WV",54035
"Jefferson, WV",54037
"Kanawha, WV",54039
"Lewis, WV",54041
"Lincoln, WV",54043
"Logan, WV",54045
"McDowell, WV",54047
"Marion, WV",54049
"Marshall, WV",54051
"Mason, WV",54053
"Mercer, WV",54055
"Mineral, WV",54057
"Mingo, WV",54059
"Monongalia, WV",54061
"Monroe, WV",54063
"Morgan, WV",54065
"Nicholas, WV",54067
"Ohio, WV",54069
"Pendleton, WV",54071
"Pleasants, WV",54073
"Pocahontas, WV",54075
"Preston, WV",54077
"Putnam, WV",54079
"Raleigh, WV",54081
"Randolph, WV",54083
"Ritchie, WV",54085
"Roane, WV",54087
"Summers, WV",54089
"Taylor, WV",54091
"Tucker, WV",54093
"Tyler, WV",54095
"Upshur, WV",54097
"Wayne, WV",54099
"Webster, WV",54101
"Wetzel, WV",54103
"Wirt, WV",54105
"Wood, WV",54107
"Wyoming, WV",54109
WISCONSIN,55000
"Adams, WI",55001
"Ashland, WI",55003
"Barron, WI",55005
"Bayfield, WI",55007
"Brown, WI",55009
"Buffalo, WI",55011
"Burnett, WI",55013
"Calumet, WI",55015
"Chippewa, WI",55017
"Clark, WI",55019
"Columbia, WI",55021
"Crawford, WI",55023
"Dane, WI",55025
"Dodge, WI",55027
"Door, WI",55029
"Douglas, WI",55031
"Dunn, WI",55033
"Eau Claire, WI",55035
"Florence, WI",55037
"Fond du Lac, WI",55039
"Forest, WI",55041
"Grant, WI",55043
"Green, WI",55045
"Green Lake, WI",55047
"Iowa, WI",55049
"Iron, WI",55051
"Jackson, WI",55053
"Jefferson, WI",55055
"Juneau, WI",55057
"Kenosha, WI",55059
"Kewaunee, WI",55061
"La Crosse, WI",55063
"Lafayette, WI",55065
"Langlade, WI",55067
"Lincoln, WI",55069
"Manitowoc, WI",55071
"Marathon, WI",55073
"Marinette, WI",55075
"Marquette, WI",55077
"Menominee, WI",55078
"Milwaukee, WI",55079
"Monroe, WI",55081
"Oconto, WI",55083
"Oneida, WI",55085
"Outagamie, WI",55087
"Ozaukee, WI",55089
"Pepin, WI",55091
"Pierce, WI",55093
"Polk, WI",55095
"Portage, WI",55097
"Price, WI",55099
"Racine, WI",55101
"Richland, WI",55103
"Rock, WI",55105
"Rusk, WI",55107
"St. Croix, WI",55109
"Sauk, WI",55111
"Sawyer, WI",55113
"Shawano, WI",55115
"Sheboygan, WI",55117
"Taylor, WI",55119
"Trempealeau, WI",55121
"Vernon, WI",55123
"Vilas, WI",55125
"Walworth, WI",55127
"Washburn, WI",55129
"Washington, WI",55131
"Waukesha, WI",55133
"Waupaca, WI",55135
"Waushara, WI",55137
"Winnebago, WI",55139
"Wood, WI",55141
WYOMING,56000
"Albany, WY",56001
"Big Horn, WY",56003
"Campbell, WY",56005
"Carbon, WY",56007
"Converse, WY",56009
"Crook, WY",56011
"Fremont, WY",56013
"Goshen, WY",56015
"Hot Springs, WY",56017
"Johnson, WY",56019
"Laramie, WY",56021
"Lincoln, WY",56023
"Natrona, WY",56025
"Niobrara, WY",56027
"Park, WY",56029
"Platte, WY",56031
"Sheridan, WY",56033
"Sublette, WY",56035
"Sweetwater, WY",56037
"Teton, WY",56039
"Uinta, WY",56041
"Washakie, WY",56043
"Weston, WY",56045
